[{"model": "admin.logentry", "pk": 1, "fields": {"action_time": "2022-09-09T12:52:04.488Z", "user": 3, "content_type": 16, "object_id": "1", "object_repr": "127.0.0.1", "action_flag": 2, "change_message": "[{\"changed\": {\"fields\": [\"Domain name\"]}}]"}}, {"model": "admin.logentry", "pk": 2, "fields": {"action_time": "2022-09-09T13:11:34.757Z", "user": 3, "content_type": 21, "object_id": "1", "object_repr": "Google", "action_flag": 1, "change_message": "[{\"added\": {}}]"}}, {"model": "admin.logentry", "pk": 3, "fields": {"action_time": "2022-09-09T13:29:12.068Z", "user": 3, "content_type": 3, "object_id": "1", "object_repr": "common", "action_flag": 1, "change_message": "[{\"added\": {}}]"}}, {"model": "admin.logentry", "pk": 4, "fields": {"action_time": "2022-09-09T13:29:19.505Z", "user": 3, "content_type": 3, "object_id": "2", "object_repr": "authors", "action_flag": 1, "change_message": "[{\"added\": {}}]"}}, {"model": "admin.logentry", "pk": 5, "fields": {"action_time": "2022-09-09T15:05:12.431Z", "user": 3, "content_type": 4, "object_id": "5", "object_repr": "kopernik2", "action_flag": 3, "change_message": ""}}, {"model": "admin.logentry", "pk": 6, "fields": {"action_time": "2022-09-09T15:05:18.410Z", "user": 3, "content_type": 4, "object_id": "4", "object_repr": "kopernik", "action_flag": 3, "change_message": ""}}, {"model": "admin.logentry", "pk": 7, "fields": {"action_time": "2022-09-09T15:10:38.498Z", "user": 3, "content_type": 4, "object_id": "6", "object_repr": "kopernik", "action_flag": 3, "change_message": ""}}, {"model": "admin.logentry", "pk": 8, "fields": {"action_time": "2022-09-09T18:05:23.855Z", "user": 3, "content_type": 3, "object_id": "2", "object_repr": "authors", "action_flag": 2, "change_message": "[{\"changed\": {\"fields\": [\"Permissions\"]}}]"}}, {"model": "admin.logentry", "pk": 9, "fields": {"action_time": "2022-09-09T18:31:55.726Z", "user": 3, "content_type": 3, "object_id": "2", "object_repr": "authors", "action_flag": 2, "change_message": "[{\"changed\": {\"fields\": [\"Permissions\"]}}]"}}, {"model": "admin.logentry", "pk": 10, "fields": {"action_time": "2022-09-09T18:32:25.722Z", "user": 3, "content_type": 3, "object_id": "1", "object_repr": "common", "action_flag": 2, "change_message": "[{\"changed\": {\"fields\": [\"Permissions\"]}}]"}}, {"model": "admin.logentry", "pk": 11, "fields": {"action_time": "2022-09-09T18:46:34.111Z", "user": 3, "content_type": 4, "object_id": "1", "object_repr": "Roman", "action_flag": 2, "change_message": "[{\"changed\": {\"fields\": [\"password\"]}}]"}}, {"model": "admin.logentry", "pk": 12, "fields": {"action_time": "2022-09-09T18:46:46.401Z", "user": 3, "content_type": 4, "object_id": "1", "object_repr": "Roman", "action_flag": 2, "change_message": "[{\"changed\": {\"fields\": [\"Groups\"]}}]"}}, {"model": "admin.logentry", "pk": 13, "fields": {"action_time": "2022-09-09T18:53:20.447Z", "user": 3, "content_type": 3, "object_id": "1", "object_repr": "common", "action_flag": 2, "change_message": "[{\"changed\": {\"fields\": [\"Permissions\"]}}]"}}, {"model": "admin.logentry", "pk": 14, "fields": {"action_time": "2022-09-09T18:56:37.004Z", "user": 3, "content_type": 3, "object_id": "1", "object_repr": "common", "action_flag": 2, "change_message": "[{\"changed\": {\"fields\": [\"Permissions\"]}}]"}}, {"model": "admin.logentry", "pk": 15, "fields": {"action_time": "2022-09-09T19:02:04.146Z", "user": 3, "content_type": 4, "object_id": "1", "object_repr": "Roman", "action_flag": 2, "change_message": "[{\"changed\": {\"fields\": [\"Groups\"]}}]"}}, {"model": "admin.logentry", "pk": 16, "fields": {"action_time": "2022-09-09T19:02:10.757Z", "user": 3, "content_type": 4, "object_id": "1", "object_repr": "Roman", "action_flag": 2, "change_message": "[]"}}, {"model": "admin.logentry", "pk": 17, "fields": {"action_time": "2022-09-09T19:12:49.941Z", "user": 3, "content_type": 3, "object_id": "1", "object_repr": "common", "action_flag": 2, "change_message": "[]"}}, {"model": "admin.logentry", "pk": 18, "fields": {"action_time": "2022-09-14T11:35:42.758Z", "user": 3, "content_type": 21, "object_id": "1", "object_repr": "Google", "action_flag": 2, "change_message": "[{\"changed\": {\"fields\": [\"Sites\"]}}]"}}, {"model": "admin.logentry", "pk": 19, "fields": {"action_time": "2022-09-14T14:39:37.101Z", "user": 3, "content_type": 3, "object_id": "1", "object_repr": "common", "action_flag": 2, "change_message": "[{\"changed\": {\"fields\": [\"Permissions\"]}}]"}}, {"model": "admin.logentry", "pk": 20, "fields": {"action_time": "2022-09-14T14:40:30.741Z", "user": 3, "content_type": 3, "object_id": "2", "object_repr": "authors", "action_flag": 2, "change_message": "[{\"changed\": {\"fields\": [\"Permissions\"]}}]"}}, {"model": "admin.logentry", "pk": 21, "fields": {"action_time": "2022-09-14T14:52:57.204Z", "user": 3, "content_type": 3, "object_id": "2", "object_repr": "authors", "action_flag": 2, "change_message": "[{\"changed\": {\"fields\": [\"Permissions\"]}}]"}}, {"model": "admin.logentry", "pk": 22, "fields": {"action_time": "2022-09-14T14:54:18.139Z", "user": 3, "content_type": 4, "object_id": "7", "object_repr": "kopernik", "action_flag": 2, "change_message": "[{\"changed\": {\"fields\": [\"Groups\"]}}]"}}, {"model": "admin.logentry", "pk": 23, "fields": {"action_time": "2022-09-14T14:54:28.075Z", "user": 3, "content_type": 4, "object_id": "10", "object_repr": "kopernik2", "action_flag": 2, "change_message": "[{\"changed\": {\"fields\": [\"Groups\"]}}]"}}, {"model": "admin.logentry", "pk": 24, "fields": {"action_time": "2022-09-14T14:54:34.257Z", "user": 3, "content_type": 4, "object_id": "9", "object_repr": "premium_user", "action_flag": 2, "change_message": "[]"}}, {"model": "admin.logentry", "pk": 25, "fields": {"action_time": "2022-09-14T14:54:43.556Z", "user": 3, "content_type": 4, "object_id": "8", "object_repr": "test_user", "action_flag": 2, "change_message": "[]"}}, {"model": "admin.logentry", "pk": 26, "fields": {"action_time": "2022-09-14T14:55:09.437Z", "user": 3, "content_type": 4, "object_id": "1", "object_repr": "Roman", "action_flag": 2, "change_message": "[]"}}, {"model": "admin.logentry", "pk": 27, "fields": {"action_time": "2022-09-15T14:35:53.579Z", "user": 3, "content_type": 4, "object_id": "2", "object_repr": "kir", "action_flag": 2, "change_message": "[{\"changed\": {\"fields\": [\"Email address\"]}}]"}}, {"model": "admin.logentry", "pk": 28, "fields": {"action_time": "2022-09-15T14:36:03.655Z", "user": 3, "content_type": 4, "object_id": "7", "object_repr": "kopernik", "action_flag": 2, "change_message": "[{\"changed\": {\"fields\": [\"Email address\"]}}]"}}, {"model": "admin.logentry", "pk": 29, "fields": {"action_time": "2022-09-15T14:36:12.934Z", "user": 3, "content_type": 4, "object_id": "10", "object_repr": "kopernik2", "action_flag": 3, "change_message": ""}}, {"model": "admin.logentry", "pk": 30, "fields": {"action_time": "2022-09-15T14:36:19.725Z", "user": 3, "content_type": 4, "object_id": "9", "object_repr": "premium_user", "action_flag": 3, "change_message": ""}}, {"model": "admin.logentry", "pk": 31, "fields": {"action_time": "2022-09-15T14:36:39.327Z", "user": 3, "content_type": 4, "object_id": "8", "object_repr": "test_user", "action_flag": 3, "change_message": ""}}, {"model": "admin.logentry", "pk": 32, "fields": {"action_time": "2022-09-15T17:14:01.428Z", "user": 3, "content_type": 4, "object_id": "11", "object_repr": "roman.ags", "action_flag": 3, "change_message": ""}}, {"model": "admin.logentry", "pk": 33, "fields": {"action_time": "2022-09-15T17:18:06.936Z", "user": 3, "content_type": 4, "object_id": "12", "object_repr": "roman.ags", "action_flag": 3, "change_message": ""}}, {"model": "admin.logentry", "pk": 34, "fields": {"action_time": "2022-09-15T18:41:38.055Z", "user": 3, "content_type": 4, "object_id": "13", "object_repr": "roman.ags", "action_flag": 3, "change_message": ""}}, {"model": "admin.logentry", "pk": 35, "fields": {"action_time": "2022-09-15T18:44:44.093Z", "user": 3, "content_type": 4, "object_id": "14", "object_repr": "roman.ags", "action_flag": 3, "change_message": ""}}, {"model": "admin.logentry", "pk": 36, "fields": {"action_time": "2022-09-15T18:52:59.959Z", "user": 3, "content_type": 4, "object_id": "15", "object_repr": "test", "action_flag": 3, "change_message": ""}}, {"model": "admin.logentry", "pk": 37, "fields": {"action_time": "2022-09-15T18:55:41.148Z", "user": 3, "content_type": 4, "object_id": "16", "object_repr": "roman.ags", "action_flag": 3, "change_message": ""}}, {"model": "auth.permission", "pk": 1, "fields": {"name": "Can add log entry", "content_type": 1, "codename": "add_logentry"}}, {"model": "auth.permission", "pk": 2, "fields": {"name": "Can change log entry", "content_type": 1, "codename": "change_logentry"}}, {"model": "auth.permission", "pk": 3, "fields": {"name": "Can delete log entry", "content_type": 1, "codename": "delete_logentry"}}, {"model": "auth.permission", "pk": 4, "fields": {"name": "Can view log entry", "content_type": 1, "codename": "view_logentry"}}, {"model": "auth.permission", "pk": 5, "fields": {"name": "Can add permission", "content_type": 2, "codename": "add_permission"}}, {"model": "auth.permission", "pk": 6, "fields": {"name": "Can change permission", "content_type": 2, "codename": "change_permission"}}, {"model": "auth.permission", "pk": 7, "fields": {"name": "Can delete permission", "content_type": 2, "codename": "delete_permission"}}, {"model": "auth.permission", "pk": 8, "fields": {"name": "Can view permission", "content_type": 2, "codename": "view_permission"}}, {"model": "auth.permission", "pk": 9, "fields": {"name": "Can add group", "content_type": 3, "codename": "add_group"}}, {"model": "auth.permission", "pk": 10, "fields": {"name": "Can change group", "content_type": 3, "codename": "change_group"}}, {"model": "auth.permission", "pk": 11, "fields": {"name": "Can delete group", "content_type": 3, "codename": "delete_group"}}, {"model": "auth.permission", "pk": 12, "fields": {"name": "Can view group", "content_type": 3, "codename": "view_group"}}, {"model": "auth.permission", "pk": 13, "fields": {"name": "Can add user", "content_type": 4, "codename": "add_user"}}, {"model": "auth.permission", "pk": 14, "fields": {"name": "Can change user", "content_type": 4, "codename": "change_user"}}, {"model": "auth.permission", "pk": 15, "fields": {"name": "Can delete user", "content_type": 4, "codename": "delete_user"}}, {"model": "auth.permission", "pk": 16, "fields": {"name": "Can view user", "content_type": 4, "codename": "view_user"}}, {"model": "auth.permission", "pk": 17, "fields": {"name": "Can add content type", "content_type": 5, "codename": "add_contenttype"}}, {"model": "auth.permission", "pk": 18, "fields": {"name": "Can change content type", "content_type": 5, "codename": "change_contenttype"}}, {"model": "auth.permission", "pk": 19, "fields": {"name": "Can delete content type", "content_type": 5, "codename": "delete_contenttype"}}, {"model": "auth.permission", "pk": 20, "fields": {"name": "Can view content type", "content_type": 5, "codename": "view_contenttype"}}, {"model": "auth.permission", "pk": 21, "fields": {"name": "Can add session", "content_type": 6, "codename": "add_session"}}, {"model": "auth.permission", "pk": 22, "fields": {"name": "Can change session", "content_type": 6, "codename": "change_session"}}, {"model": "auth.permission", "pk": 23, "fields": {"name": "Can delete session", "content_type": 6, "codename": "delete_session"}}, {"model": "auth.permission", "pk": 24, "fields": {"name": "Can view session", "content_type": 6, "codename": "view_session"}}, {"model": "auth.permission", "pk": 25, "fields": {"name": "Can add comment", "content_type": 7, "codename": "add_comment"}}, {"model": "auth.permission", "pk": 26, "fields": {"name": "Can change comment", "content_type": 7, "codename": "change_comment"}}, {"model": "auth.permission", "pk": 27, "fields": {"name": "Can delete comment", "content_type": 7, "codename": "delete_comment"}}, {"model": "auth.permission", "pk": 28, "fields": {"name": "Can view comment", "content_type": 7, "codename": "view_comment"}}, {"model": "auth.permission", "pk": 29, "fields": {"name": "Can add post", "content_type": 8, "codename": "add_post"}}, {"model": "auth.permission", "pk": 30, "fields": {"name": "Can change post", "content_type": 8, "codename": "change_post"}}, {"model": "auth.permission", "pk": 31, "fields": {"name": "Can delete post", "content_type": 8, "codename": "delete_post"}}, {"model": "auth.permission", "pk": 32, "fields": {"name": "Can view post", "content_type": 8, "codename": "view_post"}}, {"model": "auth.permission", "pk": 33, "fields": {"name": "Can add category", "content_type": 9, "codename": "add_category"}}, {"model": "auth.permission", "pk": 34, "fields": {"name": "Can change category", "content_type": 9, "codename": "change_category"}}, {"model": "auth.permission", "pk": 35, "fields": {"name": "Can delete category", "content_type": 9, "codename": "delete_category"}}, {"model": "auth.permission", "pk": 36, "fields": {"name": "Can view category", "content_type": 9, "codename": "view_category"}}, {"model": "auth.permission", "pk": 37, "fields": {"name": "Can add author", "content_type": 10, "codename": "add_author"}}, {"model": "auth.permission", "pk": 38, "fields": {"name": "Can change author", "content_type": 10, "codename": "change_author"}}, {"model": "auth.permission", "pk": 39, "fields": {"name": "Can delete author", "content_type": 10, "codename": "delete_author"}}, {"model": "auth.permission", "pk": 40, "fields": {"name": "Can view author", "content_type": 10, "codename": "view_author"}}, {"model": "auth.permission", "pk": 41, "fields": {"name": "Can add post category", "content_type": 11, "codename": "add_postcategory"}}, {"model": "auth.permission", "pk": 42, "fields": {"name": "Can change post category", "content_type": 11, "codename": "change_postcategory"}}, {"model": "auth.permission", "pk": 43, "fields": {"name": "Can delete post category", "content_type": 11, "codename": "delete_postcategory"}}, {"model": "auth.permission", "pk": 44, "fields": {"name": "Can view post category", "content_type": 11, "codename": "view_postcategory"}}, {"model": "auth.permission", "pk": 45, "fields": {"name": "Can add comment", "content_type": 12, "codename": "add_comment"}}, {"model": "auth.permission", "pk": 46, "fields": {"name": "Can change comment", "content_type": 12, "codename": "change_comment"}}, {"model": "auth.permission", "pk": 47, "fields": {"name": "Can delete comment", "content_type": 12, "codename": "delete_comment"}}, {"model": "auth.permission", "pk": 48, "fields": {"name": "Can view comment", "content_type": 12, "codename": "view_comment"}}, {"model": "auth.permission", "pk": 49, "fields": {"name": "Can add post category", "content_type": 13, "codename": "add_postcategory"}}, {"model": "auth.permission", "pk": 50, "fields": {"name": "Can change post category", "content_type": 13, "codename": "change_postcategory"}}, {"model": "auth.permission", "pk": 51, "fields": {"name": "Can delete post category", "content_type": 13, "codename": "delete_postcategory"}}, {"model": "auth.permission", "pk": 52, "fields": {"name": "Can view post category", "content_type": 13, "codename": "view_postcategory"}}, {"model": "auth.permission", "pk": 53, "fields": {"name": "Can add post", "content_type": 14, "codename": "add_post"}}, {"model": "auth.permission", "pk": 54, "fields": {"name": "Can change post", "content_type": 14, "codename": "change_post"}}, {"model": "auth.permission", "pk": 55, "fields": {"name": "Can delete post", "content_type": 14, "codename": "delete_post"}}, {"model": "auth.permission", "pk": 56, "fields": {"name": "Can view post", "content_type": 14, "codename": "view_post"}}, {"model": "auth.permission", "pk": 57, "fields": {"name": "Can add category", "content_type": 15, "codename": "add_category"}}, {"model": "auth.permission", "pk": 58, "fields": {"name": "Can change category", "content_type": 15, "codename": "change_category"}}, {"model": "auth.permission", "pk": 59, "fields": {"name": "Can delete category", "content_type": 15, "codename": "delete_category"}}, {"model": "auth.permission", "pk": 60, "fields": {"name": "Can view category", "content_type": 15, "codename": "view_category"}}, {"model": "auth.permission", "pk": 61, "fields": {"name": "Can add site", "content_type": 16, "codename": "add_site"}}, {"model": "auth.permission", "pk": 62, "fields": {"name": "Can change site", "content_type": 16, "codename": "change_site"}}, {"model": "auth.permission", "pk": 63, "fields": {"name": "Can delete site", "content_type": 16, "codename": "delete_site"}}, {"model": "auth.permission", "pk": 64, "fields": {"name": "Can view site", "content_type": 16, "codename": "view_site"}}, {"model": "auth.permission", "pk": 65, "fields": {"name": "Can add flat page", "content_type": 17, "codename": "add_flatpage"}}, {"model": "auth.permission", "pk": 66, "fields": {"name": "Can change flat page", "content_type": 17, "codename": "change_flatpage"}}, {"model": "auth.permission", "pk": 67, "fields": {"name": "Can delete flat page", "content_type": 17, "codename": "delete_flatpage"}}, {"model": "auth.permission", "pk": 68, "fields": {"name": "Can view flat page", "content_type": 17, "codename": "view_flatpage"}}, {"model": "auth.permission", "pk": 69, "fields": {"name": "Can add email address", "content_type": 18, "codename": "add_emailaddress"}}, {"model": "auth.permission", "pk": 70, "fields": {"name": "Can change email address", "content_type": 18, "codename": "change_emailaddress"}}, {"model": "auth.permission", "pk": 71, "fields": {"name": "Can delete email address", "content_type": 18, "codename": "delete_emailaddress"}}, {"model": "auth.permission", "pk": 72, "fields": {"name": "Can view email address", "content_type": 18, "codename": "view_emailaddress"}}, {"model": "auth.permission", "pk": 73, "fields": {"name": "Can add email confirmation", "content_type": 19, "codename": "add_emailconfirmation"}}, {"model": "auth.permission", "pk": 74, "fields": {"name": "Can change email confirmation", "content_type": 19, "codename": "change_emailconfirmation"}}, {"model": "auth.permission", "pk": 75, "fields": {"name": "Can delete email confirmation", "content_type": 19, "codename": "delete_emailconfirmation"}}, {"model": "auth.permission", "pk": 76, "fields": {"name": "Can view email confirmation", "content_type": 19, "codename": "view_emailconfirmation"}}, {"model": "auth.permission", "pk": 77, "fields": {"name": "Can add social account", "content_type": 20, "codename": "add_socialaccount"}}, {"model": "auth.permission", "pk": 78, "fields": {"name": "Can change social account", "content_type": 20, "codename": "change_socialaccount"}}, {"model": "auth.permission", "pk": 79, "fields": {"name": "Can delete social account", "content_type": 20, "codename": "delete_socialaccount"}}, {"model": "auth.permission", "pk": 80, "fields": {"name": "Can view social account", "content_type": 20, "codename": "view_socialaccount"}}, {"model": "auth.permission", "pk": 81, "fields": {"name": "Can add social application", "content_type": 21, "codename": "add_socialapp"}}, {"model": "auth.permission", "pk": 82, "fields": {"name": "Can change social application", "content_type": 21, "codename": "change_socialapp"}}, {"model": "auth.permission", "pk": 83, "fields": {"name": "Can delete social application", "content_type": 21, "codename": "delete_socialapp"}}, {"model": "auth.permission", "pk": 84, "fields": {"name": "Can view social application", "content_type": 21, "codename": "view_socialapp"}}, {"model": "auth.permission", "pk": 85, "fields": {"name": "Can add social application token", "content_type": 22, "codename": "add_socialtoken"}}, {"model": "auth.permission", "pk": 86, "fields": {"name": "Can change social application token", "content_type": 22, "codename": "change_socialtoken"}}, {"model": "auth.permission", "pk": 87, "fields": {"name": "Can delete social application token", "content_type": 22, "codename": "delete_socialtoken"}}, {"model": "auth.permission", "pk": 88, "fields": {"name": "Can view social application token", "content_type": 22, "codename": "view_socialtoken"}}, {"model": "auth.permission", "pk": 89, "fields": {"name": "Can add users subscriptions", "content_type": 23, "codename": "add_userssubscriptions"}}, {"model": "auth.permission", "pk": 90, "fields": {"name": "Can change users subscriptions", "content_type": 23, "codename": "change_userssubscriptions"}}, {"model": "auth.permission", "pk": 91, "fields": {"name": "Can delete users subscriptions", "content_type": 23, "codename": "delete_userssubscriptions"}}, {"model": "auth.permission", "pk": 92, "fields": {"name": "Can view users subscriptions", "content_type": 23, "codename": "view_userssubscriptions"}}, {"model": "auth.permission", "pk": 93, "fields": {"name": "Can add subscribe mail", "content_type": 24, "codename": "add_subscribemail"}}, {"model": "auth.permission", "pk": 94, "fields": {"name": "Can change subscribe mail", "content_type": 24, "codename": "change_subscribemail"}}, {"model": "auth.permission", "pk": 95, "fields": {"name": "Can delete subscribe mail", "content_type": 24, "codename": "delete_subscribemail"}}, {"model": "auth.permission", "pk": 96, "fields": {"name": "Can view subscribe mail", "content_type": 24, "codename": "view_subscribemail"}}, {"model": "auth.permission", "pk": 97, "fields": {"name": "Can add django job", "content_type": 25, "codename": "add_djangojob"}}, {"model": "auth.permission", "pk": 98, "fields": {"name": "Can change django job", "content_type": 25, "codename": "change_djangojob"}}, {"model": "auth.permission", "pk": 99, "fields": {"name": "Can delete django job", "content_type": 25, "codename": "delete_djangojob"}}, {"model": "auth.permission", "pk": 100, "fields": {"name": "Can view django job", "content_type": 25, "codename": "view_djangojob"}}, {"model": "auth.permission", "pk": 101, "fields": {"name": "Can add django job execution", "content_type": 26, "codename": "add_djangojobexecution"}}, {"model": "auth.permission", "pk": 102, "fields": {"name": "Can change django job execution", "content_type": 26, "codename": "change_djangojobexecution"}}, {"model": "auth.permission", "pk": 103, "fields": {"name": "Can delete django job execution", "content_type": 26, "codename": "delete_djangojobexecution"}}, {"model": "auth.permission", "pk": 104, "fields": {"name": "Can view django job execution", "content_type": 26, "codename": "view_djangojobexecution"}}, {"model": "auth.group", "pk": 1, "fields": {"name": "common", "permissions": []}}, {"model": "auth.group", "pk": 2, "fields": {"name": "authors", "permissions": [29, 30, 31, 53, 54, 55]}}, {"model": "auth.user", "pk": 1, "fields": {"password": "pbkdf2_sha256$390000$VXxrUckEpiQ4WZw3ISpYvC$faNVwzD0v5GRmjmdm3gQeUmp/3hN4tQgAmUoFZ4/ivs=", "last_login": "2022-10-05T15:40:23.267Z", "is_superuser": false, "username": "Roman", "first_name": "Roman", "last_name": "Sermyagin", "email": "skimprem@gmail.com", "is_staff": false, "is_active": true, "date_joined": "2022-08-19T15:16:56Z", "groups": [1, 2], "user_permissions": []}}, {"model": "auth.user", "pk": 2, "fields": {"password": "pbkdf2_sha256$390000$ucm3T5Q6Xg9IQrDJaz4a3E$F8Nx5DzSlls9RqUYNvLSMgpyYkfdPNLstltSQMjxcOc=", "last_login": null, "is_superuser": false, "username": "kir", "first_name": "Kirill", "last_name": "Kirill", "email": "skimprem@gmail.com", "is_staff": false, "is_active": true, "date_joined": "2022-08-19T15:17:54Z", "groups": [], "user_permissions": []}}, {"model": "auth.user", "pk": 3, "fields": {"password": "pbkdf2_sha256$390000$ruVFL920d9RG7dfZSifJrR$pmL8ZZmPgjQ30dl9khLsfxymHzOA7Js56NcxOFFkeQs=", "last_login": "2022-09-15T18:55:33.312Z", "is_superuser": true, "username": "admin", "first_name": "", "last_name": "", "email": "", "is_staff": true, "is_active": true, "date_joined": "2022-09-09T11:49:04.569Z", "groups": [], "user_permissions": []}}, {"model": "auth.user", "pk": 7, "fields": {"password": "pbkdf2_sha256$390000$CS7T8vbbBSC8XXT5qmMoVn$cfcc7eeuK1jPM0Nla87fmXeUvt9qhs4rI+r3bCbnMwc=", "last_login": "2022-09-15T14:19:52Z", "is_superuser": false, "username": "kopernik", "first_name": "", "last_name": "", "email": "skimprem@gmail.com", "is_staff": false, "is_active": true, "date_joined": "2022-09-09T15:16:16Z", "groups": [1], "user_permissions": []}}, {"model": "auth.user", "pk": 17, "fields": {"password": "pbkdf2_sha256$390000$FyXxCHMRArmco32JhcNmHN$4ldV13x7KeK7nTWIyw1TdXfKO+B3PVYk7/OQ2+EDj9Q=", "last_login": "2022-09-15T19:03:29.018Z", "is_superuser": false, "username": "test", "first_name": "", "last_name": "", "email": "roman.ags@gmail.com", "is_staff": false, "is_active": true, "date_joined": "2022-09-15T19:03:27.459Z", "groups": [1], "user_permissions": []}}, {"model": "contenttypes.contenttype", "pk": 1, "fields": {"app_label": "admin", "model": "logentry"}}, {"model": "contenttypes.contenttype", "pk": 2, "fields": {"app_label": "auth", "model": "permission"}}, {"model": "contenttypes.contenttype", "pk": 3, "fields": {"app_label": "auth", "model": "group"}}, {"model": "contenttypes.contenttype", "pk": 4, "fields": {"app_label": "auth", "model": "user"}}, {"model": "contenttypes.contenttype", "pk": 5, "fields": {"app_label": "contenttypes", "model": "contenttype"}}, {"model": "contenttypes.contenttype", "pk": 6, "fields": {"app_label": "sessions", "model": "session"}}, {"model": "contenttypes.contenttype", "pk": 7, "fields": {"app_label": "accounts", "model": "comment"}}, {"model": "contenttypes.contenttype", "pk": 8, "fields": {"app_label": "accounts", "model": "post"}}, {"model": "contenttypes.contenttype", "pk": 9, "fields": {"app_label": "accounts", "model": "category"}}, {"model": "contenttypes.contenttype", "pk": 10, "fields": {"app_label": "accounts", "model": "author"}}, {"model": "contenttypes.contenttype", "pk": 11, "fields": {"app_label": "accounts", "model": "postcategory"}}, {"model": "contenttypes.contenttype", "pk": 12, "fields": {"app_label": "posts", "model": "comment"}}, {"model": "contenttypes.contenttype", "pk": 13, "fields": {"app_label": "posts", "model": "postcategory"}}, {"model": "contenttypes.contenttype", "pk": 14, "fields": {"app_label": "posts", "model": "post"}}, {"model": "contenttypes.contenttype", "pk": 15, "fields": {"app_label": "posts", "model": "category"}}, {"model": "contenttypes.contenttype", "pk": 16, "fields": {"app_label": "sites", "model": "site"}}, {"model": "contenttypes.contenttype", "pk": 17, "fields": {"app_label": "flatpages", "model": "flatpage"}}, {"model": "contenttypes.contenttype", "pk": 18, "fields": {"app_label": "account", "model": "emailaddress"}}, {"model": "contenttypes.contenttype", "pk": 19, "fields": {"app_label": "account", "model": "emailconfirmation"}}, {"model": "contenttypes.contenttype", "pk": 20, "fields": {"app_label": "socialaccount", "model": "socialaccount"}}, {"model": "contenttypes.contenttype", "pk": 21, "fields": {"app_label": "socialaccount", "model": "socialapp"}}, {"model": "contenttypes.contenttype", "pk": 22, "fields": {"app_label": "socialaccount", "model": "socialtoken"}}, {"model": "contenttypes.contenttype", "pk": 23, "fields": {"app_label": "accounts", "model": "userssubscriptions"}}, {"model": "contenttypes.contenttype", "pk": 24, "fields": {"app_label": "accounts", "model": "subscribemail"}}, {"model": "contenttypes.contenttype", "pk": 25, "fields": {"app_label": "django_apscheduler", "model": "djangojob"}}, {"model": "contenttypes.contenttype", "pk": 26, "fields": {"app_label": "django_apscheduler", "model": "djangojobexecution"}}, {"model": "sessions.session", "pk": "966fzuzucbn3j2yfhjwthdjab1f2gyvy", "fields": {"session_data": ".eJxVjcsKwjAQRf8laymJebY7_ZEwnUlosKTSpKCI_24qXejyvs59MQ9bnfxWwuoTsYEJdvr1RsBbyHsA87zbHSAuW67dt3PEpbs0FXJNCDUt-Xqs_lATlKlxNPIoR3UWPGo0lgSRQ3LOGOojqH60kqSUAi13XBmlI1kd0URhReAUd2gJpbQbHx73tD7ZwN8fuiZDjg:1oZA1B:7cdR6rp6SorQGH9Rwpj-zW8rZ9igD4DPpwSk_HfgeF4", "expire_date": "2022-09-30T12:00:25.134Z"}}, {"model": "sessions.session", "pk": "ahb92vsbura4zkwtawuab624zhjnceoi", "fields": {"session_data": ".eJxVjcsKwjAQRf8laykZmofpTn8kTCcTGiypNAko4r_bShe6vK9zX8Jjq5NvhVefghiEFadfb0S6cd4DnOfd7pBoabl2384Rl-6yKc41Eda05Oux-kNNWKaNo7UeOQCAcyYqG8ApbVwfGdCcI_UhEFingZWTURkrjSY7RpZO9dZIs0MLl7LdeH7c0_oUg3x_AJd4Qro:1oWh4X:hitxAghAa4lABrPBXsTkOpG1Y9cpNdYLP1-EA5pNVRk", "expire_date": "2022-09-23T16:41:41.950Z"}}, {"model": "sessions.session", "pk": "ax4g0i3lhtlywf3qhqjqrot47rx5a7nc", "fields": {"session_data": ".eJxVjcsKwjAQRf8laymJebY7_ZEwnUlosKTSpKCI_24qXejyvs59MQ9bnfxWwuoTsYEJdvr1RsBbyHsA87zbHSAuW67dt3PEpbs0FXJNCDUt-Xqs_lATlKlxNPIoR3UWPGo0lgSRQ3LOGOojqH60kqSUAi13XBmlI1kd0URhReAUd2gJpbQbHx73tD7ZwN8fuiZDjg:1oWjRD:5QxXr1y96JKESIEt7NbD4fVsErNMLzTcr4s4jN7liWY", "expire_date": "2022-09-23T19:13:15.595Z"}}, {"model": "sessions.session", "pk": "bevokky6pr8jeije6k9mp6d3nd0dbi46", "fields": {"session_data": ".eJxVjDsOwjAQRO_iGln-rteU9JzBWn_AAWRLcVIh7k4ipYBqpHlv5s0CrUsN6yhzmDI7M81Ov12k9CxtB_lB7d556m2Zp8h3hR908GvP5XU53L-DSqNua3SWLKIoToEnkEKjz6StyQBAzmVSJmrvLBglFKDELWSSxZebBIPs8wWkuzYH:1oWdU2:a3S_uO8DDC8aIzsYkCHxpxnEcQd3uPM5TUI2wUGvcRI", "expire_date": "2022-09-23T12:51:46.898Z"}}, {"model": "sessions.session", "pk": "i9miucb4vm6t7pfo8c1ag1rvhan4risn", "fields": {"session_data": ".eJxVjDsOwjAQRO_iGln-rteU9JzBWn_AAWRLcVIh7k4ipYBqpHlv5s0CrUsN6yhzmDI7M81Ov12k9CxtB_lB7d556m2Zp8h3hR908GvP5XU53L-DSqNua3SWLKIoToEnkEKjz6StyQBAzmVSJmrvLBglFKDELWSSxZebBIPs8wWkuzYH:1oWe3x:Ldf0nw_K4KwPtfjxiOhXFKSnbos-0BJBCVCmMf4Fmqk", "expire_date": "2022-09-23T13:28:53.781Z"}}, {"model": "sessions.session", "pk": "nibh3s96podn8tl9z0kgeayf6gnqtnld", "fields": {"session_data": ".eJxVjcsKgzAQRf8l6yIT89Rd_ZEQZxIMlVhMhJbSf68WF-3yvs59Mee3OrmthNUlYj3j7PLrjR5vIR-Bn-fDbjzisuXafDtnXJrrrkKuCX1NSx7O1R9q8mXaOQohilG2HKJCbYgTWSRrtaYuetmNRpAQgqMBC1JLFcmoiDpywwNQPKAllLLfuPC4p_XJet5CpwHeH1IVRMA:1og6VT:ma0uflU1y7ZXXqsyA0LT_fMw6nD0lmUZ8v7u1h4yJOg", "expire_date": "2022-10-19T15:40:23.274Z"}}, {"model": "sessions.session", "pk": "v094tygj0w7g62dohlrz375vf1176zac", "fields": {"session_data": ".eJxVjDsOwjAQRO_iGln-rteU9JzBWn_AAWRLcVIh7k4ipYBqpHlv5s0CrUsN6yhzmDI7M81Ov12k9CxtB_lB7d556m2Zp8h3hR908GvP5XU53L-DSqNua3SWLKIoToEnkEKjz6StyQBAzmVSJmrvLBglFKDELWSSxZebBIPs8wWkuzYH:1oYUh9:1xO6CrmhdRsWfW0yv9ymfYYWM8sX7cFu1BOnM3ccT14", "expire_date": "2022-09-28T15:52:59.825Z"}}, {"model": "sites.site", "pk": 1, "fields": {"domain": "127.0.0.1", "name": "example.com"}}, {"model": "accounts.author", "pk": 1, "fields": {"user": 1, "_rating": 21}}, {"model": "accounts.author", "pk": 2, "fields": {"user": 2, "_rating": 2}}, {"model": "accounts.userssubscriptions", "pk": 12, "fields": {"category": 1, "user": 1}}, {"model": "accounts.userssubscriptions", "pk": 13, "fields": {"category": 3, "user": 1}}, {"model": "accounts.userssubscriptions", "pk": 14, "fields": {"category": 4, "user": 1}}, {"model": "accounts.userssubscriptions", "pk": 15, "fields": {"category": 2, "user": 1}}, {"model": "accounts.subscribemail", "pk": 1, "fields": {"username": "roman.ags", "title": "Введите название", "text": "Введите содержание", "first_name": "", "last_name": "", "link": "none"}}, {"model": "accounts.subscribemail", "pk": 2, "fields": {"username": "roman.ags", "title": "Введите название", "text": "Введите содержание", "first_name": "", "last_name": "", "link": "none"}}, {"model": "accounts.subscribemail", "pk": 3, "fields": {"username": "roman.ags", "title": "Введите название", "text": "Введите содержание", "first_name": "", "last_name": "", "link": "none"}}, {"model": "accounts.subscribemail", "pk": 4, "fields": {"username": "roman.ags", "title": "Введите название", "text": "Введите содержание", "first_name": "", "last_name": "", "link": "none"}}, {"model": "accounts.subscribemail", "pk": 5, "fields": {"username": "roman.ags", "title": "Введите название", "text": "Введите содержание", "first_name": "", "last_name": "", "link": "none"}}, {"model": "accounts.subscribemail", "pk": 6, "fields": {"username": "Roman", "title": "Введите название", "text": "Введите содержание", "first_name": "Roman", "last_name": "Sermyagin", "link": "none"}}, {"model": "accounts.subscribemail", "pk": 7, "fields": {"username": "roman.ags", "title": "Новый бренд ГНСС в России или меняем Т на Т", "text": "Добрый день всем участникам форума и всему профессиональному сообществу!\r\nРады сообщить о появлении нового производителя ГНСС приемников на российском рынке – Tersus GNSS!\r\nО компании Tersus\r\nКомпания Tersus GNSS была основана в 2014 году. Является разработчиком и производителем собственных ГНСС решений и OEM плат. В линейке продуктов имеются ОЕМ ГНСС RTK и PPK платы, ГНСС приемники, оборудование и ПО для построения сетей референсных станций, инерциальные навигационные системы, решения для БПЛА, беспилотной навигации в сельском хозяйстве, собственный сервис предоставления спутниковых поправок и широкий спектр аксессуаров собственного производства.\r\nЦентры инженерных разработок расположены в Австралии, США и Китае.\r\n\r\nТоповая модель приемника Tersus Oscar Ultimate имеет компенсатор угла наклона вехи, дисплей 1.54 дюйма с возможностью настройки режимов работы, встроенный УКВ/GSM модемы, память до 16 Гб. Рабочая температура -40℃ до +70℃. На приемник предоставляется Гарантия от производителя - 2 года!\r\nПрограммное обеспечение для работы с приемниками Tersus распространяется на бесплатной основе.\r\nПолевое приложение Nuwa может быть установлено на любое устройство под OS Android.\r\nОфисное ПО - Tersus Geo Office - для обработки статических измерений также предоставляется бесплатно.\r\n\r\nБолее подробно ознакомится с ГНСС приемниками от Tersus и их техническими характеристиками Вы можете на нашем сайте: https://www.tersusgnss.ru/\r\n\r\nТакже мы приглашаем к сотрудничеству всех дилеров геодезического оборудования в России, кто в настоящее время испытывает затруднения с поиском альтернатив ушедших брендов качественного оборудования.\r\n\r\nПо всем интересующим Вас вопросам можете смело обращаться по следующим контактам:\r\nТелефон: 8 800 250-62-33 (звонки по России бесплатны)\r\nE-mail: info@tersusgnss.ru\r\nТехническая поддержка: support@tersusgnss.ru\r\nБудем рады знакомству!", "first_name": "", "last_name": "", "link": "none"}}, {"model": "accounts.subscribemail", "pk": 8, "fields": {"username": "Roman", "title": "Новый бренд ГНСС в России или меняем Т на Т", "text": "Добрый день всем участникам форума и всему профессиональному сообществу!\r\nРады сообщить о появлении нового производителя ГНСС приемников на российском рынке – Tersus GNSS!\r\nО компании Tersus\r\nКомпания Tersus GNSS была основана в 2014 году. Является разработчиком и производителем собственных ГНСС решений и OEM плат. В линейке продуктов имеются ОЕМ ГНСС RTK и PPK платы, ГНСС приемники, оборудование и ПО для построения сетей референсных станций, инерциальные навигационные системы, решения для БПЛА, беспилотной навигации в сельском хозяйстве, собственный сервис предоставления спутниковых поправок и широкий спектр аксессуаров собственного производства.\r\nЦентры инженерных разработок расположены в Австралии, США и Китае.\r\n\r\nТоповая модель приемника Tersus Oscar Ultimate имеет компенсатор угла наклона вехи, дисплей 1.54 дюйма с возможностью настройки режимов работы, встроенный УКВ/GSM модемы, память до 16 Гб. Рабочая температура -40℃ до +70℃. На приемник предоставляется Гарантия от производителя - 2 года!\r\nПрограммное обеспечение для работы с приемниками Tersus распространяется на бесплатной основе.\r\nПолевое приложение Nuwa может быть установлено на любое устройство под OS Android.\r\nОфисное ПО - Tersus Geo Office - для обработки статических измерений также предоставляется бесплатно.\r\n\r\nБолее подробно ознакомится с ГНСС приемниками от Tersus и их техническими характеристиками Вы можете на нашем сайте: https://www.tersusgnss.ru/\r\n\r\nТакже мы приглашаем к сотрудничеству всех дилеров геодезического оборудования в России, кто в настоящее время испытывает затруднения с поиском альтернатив ушедших брендов качественного оборудования.\r\n\r\nПо всем интересующим Вас вопросам можете смело обращаться по следующим контактам:\r\nТелефон: 8 800 250-62-33 (звонки по России бесплатны)\r\nE-mail: info@tersusgnss.ru\r\nТехническая поддержка: support@tersusgnss.ru\r\nБудем рады знакомству!", "first_name": "Roman", "last_name": "Sermyagin", "link": "none"}}, {"model": "accounts.subscribemail", "pk": 9, "fields": {"username": "roman.ags", "title": "Вышла новая версия КРЕДО 3D СКАН 1.4", "text": "Выпущена новая версия системы КРЕДО 3D СКАН 1.4.\r\n\r\nПользователи предыдущей версии с оформленной Подпиской получают новую бесплатно.\r\nСкачать дистрибутив КРЕДО 3D СКАН 1.4 вы можете здесь.\r\n\r\nВнимание! Обновление требует перепрограммирования ключа аппаратной защиты.\r\nОбращайтесь к нашим специалистам: e-mail: market@credo-dialogue.com, тел.: +7 (499) 921-02-95.\r\n\r\nПредлагаем вам ознакомиться с полным перечнем изменений в программе!\r\n\r\nОбщие доработки\r\n\r\n    Добавлена возможность настройки горячих клавиш для команд главного меню.\r\n    Изменен функционал работы с подписями: добавлены универсальные настраиваемые по шаблону подписи объектов, линий и углов, добавлена возможность сохранения шаблонов подписей в геодезической библиотеке, добавлена возможность создания подписей в 3D.\r\n    Добавлен обработчик кодов к импортеру точек по шаблону: возможность импортировать точки с полноценной поддержкой полевого кодирования.\r\n\r\nРабота с облаками точек\r\n\r\n    Добавлена возможность установки пространственного ограничения для работы с частью облака точек.\r\n    Добавлена возможность расчета объемов между моделью рельефа и облаком точек.\r\n    Доработаны возможности экспорта облаков точек: настройка экспортируемых метаданных, экспорт системы координат.\r\n    Добавлена возможность расчета локальных плотностей для точек облака, визуализации и интерактивной фильтрации точек по плотности.\r\n    Оптимизирована загрузка точек облака с диска и передача в видеопамять.\r\n\r\nСоздание и редактирование объектов\r\n\r\n    Доработана команда Профили бордюра по ЛТО: повышена стабильность работы и точность позиционирования линий.\r\n    Существенно повышена скорость и стабильность работы команды Создать ПТО по цвету.\r\n    Доработаны сценарии работы с замкнутыми линейными объектами: разрезание, удаление узлов.\r\n    Создание ПТО по внутренней точке учитывает внутренние контуры.\r\n    Разработан новый механизм создания эквидистант: добавлена возможность интерактивного указания расстояния, создания нескольких последовательных эквидистант, работа в 3D окне.\r\n\r\nРабота с фотоизображениями\r\n\r\n    Повышена скорость импорта фотоизображений с МЛС Topcon.\r\n    Улучшено качество визуализации панорам в режиме совмещенного просмотра.\r\n\r\n3D-окно\r\n\r\n    Добавлен механизм группового выбора объектов в 3D-окне.\r\n    Добавлена возможность независимого управления освещением для каждого 3D-окна.\r\n    Доработаны сценарии создания и редактирования линейных объектов в 3D: работают все режимы привязки к объектам и полярное отслеживание.\r\n    Добавлена возможность отображения триангуляционной поверхности в 3D-окне\r\n    Добавлена возможность раскраски матриц высот по содержимому окна план\r\n\r\nРабота с 3D-моделями\r\n\r\n    Добавлена возможность импорта 3D-моделей в формате IFC, созданных в программных продуктах на платформе КРЕДО III.\r\n\r\nПресс-служба компании \"Кредо-Диалог\"", "first_name": "", "last_name": "", "link": "none"}}, {"model": "accounts.subscribemail", "pk": 10, "fields": {"username": "Roman", "title": "Вышла новая версия КРЕДО 3D СКАН 1.4", "text": "Выпущена новая версия системы КРЕДО 3D СКАН 1.4.\r\n\r\nПользователи предыдущей версии с оформленной Подпиской получают новую бесплатно.\r\nСкачать дистрибутив КРЕДО 3D СКАН 1.4 вы можете здесь.\r\n\r\nВнимание! Обновление требует перепрограммирования ключа аппаратной защиты.\r\nОбращайтесь к нашим специалистам: e-mail: market@credo-dialogue.com, тел.: +7 (499) 921-02-95.\r\n\r\nПредлагаем вам ознакомиться с полным перечнем изменений в программе!\r\n\r\nОбщие доработки\r\n\r\n    Добавлена возможность настройки горячих клавиш для команд главного меню.\r\n    Изменен функционал работы с подписями: добавлены универсальные настраиваемые по шаблону подписи объектов, линий и углов, добавлена возможность сохранения шаблонов подписей в геодезической библиотеке, добавлена возможность создания подписей в 3D.\r\n    Добавлен обработчик кодов к импортеру точек по шаблону: возможность импортировать точки с полноценной поддержкой полевого кодирования.\r\n\r\nРабота с облаками точек\r\n\r\n    Добавлена возможность установки пространственного ограничения для работы с частью облака точек.\r\n    Добавлена возможность расчета объемов между моделью рельефа и облаком точек.\r\n    Доработаны возможности экспорта облаков точек: настройка экспортируемых метаданных, экспорт системы координат.\r\n    Добавлена возможность расчета локальных плотностей для точек облака, визуализации и интерактивной фильтрации точек по плотности.\r\n    Оптимизирована загрузка точек облака с диска и передача в видеопамять.\r\n\r\nСоздание и редактирование объектов\r\n\r\n    Доработана команда Профили бордюра по ЛТО: повышена стабильность работы и точность позиционирования линий.\r\n    Существенно повышена скорость и стабильность работы команды Создать ПТО по цвету.\r\n    Доработаны сценарии работы с замкнутыми линейными объектами: разрезание, удаление узлов.\r\n    Создание ПТО по внутренней точке учитывает внутренние контуры.\r\n    Разработан новый механизм создания эквидистант: добавлена возможность интерактивного указания расстояния, создания нескольких последовательных эквидистант, работа в 3D окне.\r\n\r\nРабота с фотоизображениями\r\n\r\n    Повышена скорость импорта фотоизображений с МЛС Topcon.\r\n    Улучшено качество визуализации панорам в режиме совмещенного просмотра.\r\n\r\n3D-окно\r\n\r\n    Добавлен механизм группового выбора объектов в 3D-окне.\r\n    Добавлена возможность независимого управления освещением для каждого 3D-окна.\r\n    Доработаны сценарии создания и редактирования линейных объектов в 3D: работают все режимы привязки к объектам и полярное отслеживание.\r\n    Добавлена возможность отображения триангуляционной поверхности в 3D-окне\r\n    Добавлена возможность раскраски матриц высот по содержимому окна план\r\n\r\nРабота с 3D-моделями\r\n\r\n    Добавлена возможность импорта 3D-моделей в формате IFC, созданных в программных продуктах на платформе КРЕДО III.\r\n\r\nПресс-служба компании \"Кредо-Диалог\"", "first_name": "Roman", "last_name": "Sermyagin", "link": "none"}}, {"model": "accounts.subscribemail", "pk": 11, "fields": {"username": "Roman", "title": "На территорию всей Московской области создана единая электронная картографическая основа крупного масштаба ", "text": " ФГБУ «Центр геодезии, картографии и ИПД» завершило работы по включению в состав единой электронной картографической основы (ЕЭКО) цифровых ортофотопланов на территории всех населённых пунктов Московской области. За три месяца создано более 27,5 тысяч цифровых ортофотопланов масштаба 1:2 000.\r\nИсходные материалы для создания ЕЭКО предоставлены Правительством Московской области.\r\nОзнакомиться с информацией о созданной на территорию Российской Федерации ЕЭКО возможно в разделе «Сведения единой электронной картографической основы» федерального портала пространственных данных (ФППД)\r\nДля получения картографической основы необходимо пройти регистрацию в личном кабинете ФППД и заполнить заявление, указав интересующий вид и способ предоставления данных.\r\nЕЭКО может предоставляться в виде файлов и в виде картографических веб-сервисов по протоколам TMS (и WMTS), WMS, WFS в государственных и международных системах координат.\r\nПредоставление содержащихся в ЕЭКО пространственных данных в виде интерактивной фоновой карты и/или ортофотопокрытия может служить базой для нанесения тематической пользовательской информации и применяться в различных информационных системах. ", "first_name": "Roman", "last_name": "Sermyagin", "link": "none"}}, {"model": "accounts.subscribemail", "pk": 12, "fields": {"username": "Roman", "title": "Введите название", "text": "Введите содержание", "first_name": "Roman", "last_name": "Sermyagin", "link": "none"}}, {"model": "accounts.subscribemail", "pk": 13, "fields": {"username": "Roman", "title": "Введите название", "text": "Введите содержание", "first_name": "Roman", "last_name": "Sermyagin", "link": "none"}}, {"model": "accounts.subscribemail", "pk": 14, "fields": {"username": "Roman", "title": "Введите название", "text": "Введите содержание", "first_name": "Roman", "last_name": "Sermyagin", "link": "none"}}, {"model": "accounts.subscribemail", "pk": 15, "fields": {"username": "Roman", "title": "Введите название", "text": "Введите содержание", "first_name": "Roman", "last_name": "Sermyagin", "link": "none"}}, {"model": "accounts.subscribemail", "pk": 16, "fields": {"username": "Roman", "title": "Введите название", "text": "Введите содержание", "first_name": "Roman", "last_name": "Sermyagin", "link": "/news/78"}}, {"model": "accounts.subscribemail", "pk": 17, "fields": {"username": "Roman", "title": "Введите название", "text": "Введите содержание", "first_name": "Roman", "last_name": "Sermyagin", "link": "/news/78"}}, {"model": "accounts.subscribemail", "pk": 18, "fields": {"username": "Roman", "title": "Введите название", "text": "Введите содержание", "first_name": "Roman", "last_name": "Sermyagin", "link": "/news/78"}}, {"model": "accounts.subscribemail", "pk": 19, "fields": {"username": "Roman", "title": "Введите название", "text": "Введите содержание", "first_name": "Roman", "last_name": "Sermyagin", "link": "/news/78"}}, {"model": "accounts.subscribemail", "pk": 20, "fields": {"username": "Roman", "title": "Введите название", "text": "Введите содержание", "first_name": "Roman", "last_name": "Sermyagin", "link": "none"}}, {"model": "accounts.subscribemail", "pk": 21, "fields": {"username": "Roman", "title": "Введите название", "text": "Введите содержание", "first_name": "Roman", "last_name": "Sermyagin", "link": "none"}}, {"model": "accounts.subscribemail", "pk": 22, "fields": {"username": "Roman", "title": "Введите название", "text": "Введите содержание", "first_name": "Roman", "last_name": "Sermyagin", "link": "none"}}, {"model": "accounts.subscribemail", "pk": 23, "fields": {"username": "Roman", "title": "Введите название", "text": "Введите содержание", "first_name": "Roman", "last_name": "Sermyagin", "link": "/news/87"}}, {"model": "accounts.subscribemail", "pk": 24, "fields": {"username": "Roman", "title": "Введите название", "text": "Введите содержание", "first_name": "Roman", "last_name": "Sermyagin", "link": "/news/88"}}, {"model": "accounts.subscribemail", "pk": 25, "fields": {"username": "Roman", "title": "Введите название", "text": "Введите содержание", "first_name": "Roman", "last_name": "Sermyagin", "link": "/news/93"}}, {"model": "accounts.subscribemail", "pk": 26, "fields": {"username": "Roman", "title": "Введите название", "text": "Введите содержание", "first_name": "Roman", "last_name": "Sermyagin", "link": "/news/94"}}, {"model": "accounts.subscribemail", "pk": 27, "fields": {"username": "Roman", "title": "Введите название", "text": "Введите содержание", "first_name": "Roman", "last_name": "Sermyagin", "link": "/news/95"}}, {"model": "accounts.subscribemail", "pk": 28, "fields": {"username": "Roman", "title": "Что-то новое", "text": "Введите содержание", "first_name": "Roman", "last_name": "Sermyagin", "link": "/news/96"}}, {"model": "accounts.subscribemail", "pk": 29, "fields": {"username": "Roman", "title": "Введите название", "text": "Введите содержание", "first_name": "Roman", "last_name": "Sermyagin", "link": "/news/97"}}, {"model": "accounts.subscribemail", "pk": 30, "fields": {"username": "Roman", "title": "Введите название", "text": "Введите содержание", "first_name": "Roman", "last_name": "Sermyagin", "link": "/news/97"}}, {"model": "accounts.subscribemail", "pk": 31, "fields": {"username": "Roman", "title": "Последний тест", "text": "Введите содержание", "first_name": "Roman", "last_name": "Sermyagin", "link": "/news/98"}}, {"model": "accounts.subscribemail", "pk": 32, "fields": {"username": "Roman", "title": "Самый последний тест", "text": "Введите содержание", "first_name": "Roman", "last_name": "Sermyagin", "link": "/news/99"}}, {"model": "accounts.subscribemail", "pk": 33, "fields": {"username": "Roman", "title": "Название научной новости", "text": "Содержание новости о науке. Это просто ради теста", "first_name": "Roman", "last_name": "Sermyagin", "link": "/news/100"}}, {"model": "accounts.subscribemail", "pk": 34, "fields": {"username": "Roman", "title": "Научная статья", "text": "Статья про современные технологии", "first_name": "Roman", "last_name": "Sermyagin", "link": "/news/102"}}, {"model": "accounts.subscribemail", "pk": 35, "fields": {"username": "Roman", "title": "Научная статья", "text": "Статья про современные технологии", "first_name": "Roman", "last_name": "Sermyagin", "link": "/news/102"}}, {"model": "posts.category", "pk": 1, "fields": {"category_name": "Наука"}}, {"model": "posts.category", "pk": 2, "fields": {"category_name": "Искусство"}}, {"model": "posts.category", "pk": 3, "fields": {"category_name": "Технологии"}}, {"model": "posts.category", "pk": 4, "fields": {"category_name": "Спорт"}}, {"model": "posts.post", "pk": 1, "fields": {"author": 1, "post_type": "PA", "pub_time": "2022-08-25T15:48:50.460Z", "title": "Intercomparing Superconducting Gravimeter Records in a Dense Meter-Scale Network at the J9 Gravimetric Observatory of Strasbourg, France", "text": "This study is a metrological investigation of eight superconducting gravimeters that have operated in the Strasbourg gravimetric Observatory. These superconducting gravimeters include an older compact C026 model, a new observatory type iOSG23 and six iGravs (6, 15, 29, 30, 31, 32). We first compare the amplitude calibration of the meters using measurements from FG5 #206 absolute gravimeter (AG). In a next step we compute the amplitude calibration of all the meters by time regression with respect to iOSG23 itself carefully calibrated by numerous AG experiments. The relative calibration values are much more precise than absolute calibration for each instrument and strongly reduce any tidal residual signal. We also compare the time lags of the various instruments with respect to iOSG23, either by time cross-correlation or tidal analysis for the longest records (about 1 year). The instrumental drift behavior of the iGravs and iOSG23 is then investigated and we examine the relationships observed between gravity and body temperature measurements. Finally, we compare the noise levels of all the instruments. A three-channel correlation analysis is used to separate the incoherent (instrumental) noise from the coherent (ambient) noise. The self-noise is then compared to a model of thermal noise (Brownian motion) using the known instrumental parameters of the damped harmonic oscillator. The self-noise of iGrav instruments is well-explained by the thermal noise model at seismic frequencies (between 10–3 and 10–2 Hz). As expected, the self-noise of iOSG23 with a heavier sphere is also lower than that of iGravs at such frequencies.", "_rating": 3}}, {"model": "posts.post", "pk": 2, "fields": {"author": 1, "post_type": "PA", "pub_time": "2022-08-25T15:48:56.491Z", "title": "A transportable quantum gravimeter employing delta-kick collimated Bose–Einstein condensates", "text": "Gravimetry with low uncertainty and long-term stability opens up new fields of research in geodesy, especially in hydrology and volcanology. The main limitations in the accuracy of current generation cold atom gravimeters stem from the expansion rate and the residual centre-of-mass motion of their atomic test masses. Our transportable quantum gravimeter QG-1 aims at overcoming these limitations by performing atom interferometry with delta-kick collimated Bose–Einstein condensates generated by an atom chip. With our approach we anticipate to measure the local gravitational acceleration at geodetic campaigns with an uncertainty less than 1 nm/s2 surpassing the state-of-the-art classic and quantum based systems. In this paper, we discuss the design and performance assessment of QG-1.", "_rating": 2}}, {"model": "posts.post", "pk": 3, "fields": {"author": 2, "post_type": "NE", "pub_time": "2022-08-25T15:49:01.432Z", "title": "В СБР рассказали о состоянии заразившейся коронавирусом Васнецовой", "text": "У заразившейся коронавирусом российской биатлонистки Валерии Васнецовой есть симптомы заболевания, сообщил в Telegram-канале глава пресс-службы Союза биатлонистов России (СБР) Сергей Аверьянов. Ранее было объявлено, что Васнецова сдала два положительных ПЦР-теста на COVID-19 и была изолирована. Впоследствии сама спортсменка в социальных сетях подтвердила, что пропустит Олимпиаду в Пекине. В составе российской команды ее может заменить Евгения Буртасова. — Всем, кто беспокоится о здоровье Леры Васнецовой. Разговаривал с ней сейчас. Сказать, что она очень расстроена, ничего не сказать. Чувствует себя удовлетворительно, температура скачет, есть симптомы, — написал Аверьянов. В понедельник было объявлено, что скелетонисты сборной России Никита Трегубов и Владислав Семенов не выступят на Олимпийских играх из-за заражения коронавирусом.", "_rating": 0}}, {"model": "posts.post", "pk": 20, "fields": {"author": 1, "post_type": "PA", "pub_time": "2022-09-02T17:42:19.591Z", "title": "Calibrating error variance and scaling global covariance function of geoid gradients for optimal determinations of gravity anomaly and gravity gradient from altimetry", "text": "With the advancements of satellite altimeter technology and data volume, the accuracy and spatial resolution of altimeter-derived marine gravity fields have been steadily improved. Ideally, a best marine gravity field from multi-altimeter missions is one that combines all data by optimally calibrating their relative weights. To this end, we use the minimum norm quadratic unbiased estimator theory to calibrate error variances of geoid gradients (GGs) from the Cryosat-2 mission and the Jason-1/2 geodetic missions and then use a scaling factor to modify the global covariance functions into local covariance functions. The calibrated error variances and the scaling factors are used in the least-squares collocation to estimate the gridded north and east components of GGs, which are used to compute gravity anomaly and vertical gravity gradient (VGG) by the methods of inverse Vening-Meinesz (IVM) and numerical differentiations. The assessment of the altimeter-derived gravity anomalies in the northern part of the South China Sea using the shipborne gravity data shows an average gravity accuracy improvement of 9.5% by calibrated and scaled covariances of GGs compared to the initial variances. The method for VGG computations is confirmed by examining the extinct ridges in the Gulf of Mexico.", "_rating": 0}}, {"model": "posts.post", "pk": 21, "fields": {"author": 1, "post_type": "NE", "pub_time": "2022-09-02T17:43:59.431Z", "title": "Глава Минобрнауки России поздравил студентов и преподавателей с началом учебного года", "text": "Дорогие студенты, уважаемые коллеги!\r\n\r\nПоздравляю вас с Днем знаний – началом нового учебного года.\r\n\r\nЭтот день наполнен приятным волнением и ожиданием встреч с друзьями и наставниками.\r\n\r\nДля сотрудников вузов 1 сентября – это новый этап в кропотливой, серьезной работе, от которой зависит будущее нашей страны.\r\n\r\nВы помогаете студентам раскрыть их способности, мотивируете на свершения, прививаете любовь к Родине и задаете жизненные ориентиры.\r\n\r\nОсобого внимания сегодня заслуживают те, кто придут в аудитории впервые. Это первокурсники.\r\n\r\nПо всей стране вас больше миллиона. И каждый этим летом сделал ответственный выбор: определился с вузом, где будет получать профессию. Она станет фундаментом для вашего дальнейшего развития, путеводной звездой.\r\n\r\nУчеба в университете – это новые знания, увлекательные проекты, смелые эксперименты, уникальные возможности и, конечно, новые друзья.\r\n\r\nПомните: современный университет – это особенное место, где вы можете по-настоящему раскрыться.\r\n\r\nНапример, вы сможете запустить свой стартап, участвовать в исследованиях, решать реальные задачи для крупных предприятий, путешествовать по всей стране. \r\n\r\nЯ желаю вам найти свое призвание, стать настоящими профессионалами и навсегда сохранить любознательность и азарт к исследованиям. Пусть студенчество останется одним из самых счастливых этапов вашей жизни.\r\n\r\nБудьте активными, творите свою судьбу и судьбу нашей страны! Вперед!", "_rating": 0}}, {"model": "posts.post", "pk": 22, "fields": {"author": 1, "post_type": "PA", "pub_time": "2022-09-09T18:27:59.938Z", "title": "Введите название", "text": "Введите содержание", "_rating": 0}}, {"model": "posts.post", "pk": 26, "fields": {"author": 1, "post_type": "PA", "pub_time": "2022-09-09T19:13:22.631Z", "title": "Введите название", "text": "Введите содержание", "_rating": 0}}, {"model": "posts.post", "pk": 27, "fields": {"author": 1, "post_type": "NE", "pub_time": "2022-09-14T14:42:25.925Z", "title": "Введите название", "text": "Введите содержание", "_rating": 0}}, {"model": "posts.post", "pk": 28, "fields": {"author": 2, "post_type": "PA", "pub_time": "2022-09-14T14:56:07.605Z", "title": "Введите название", "text": "Введите содержание", "_rating": 0}}, {"model": "posts.post", "pk": 29, "fields": {"author": 1, "post_type": "NE", "pub_time": "2022-09-15T12:37:34.351Z", "title": "Введите название", "text": "Введите содержание", "_rating": 0}}, {"model": "posts.post", "pk": 30, "fields": {"author": 1, "post_type": "NE", "pub_time": "2022-09-15T15:35:12.980Z", "title": "Введите название", "text": "Введите содержание", "_rating": 0}}, {"model": "posts.post", "pk": 31, "fields": {"author": 1, "post_type": "NE", "pub_time": "2022-09-15T15:38:46.837Z", "title": "Введите название", "text": "Введите содержание", "_rating": 0}}, {"model": "posts.post", "pk": 32, "fields": {"author": 1, "post_type": "NE", "pub_time": "2022-09-15T16:09:57.857Z", "title": "Введите название", "text": "Введите содержание", "_rating": 0}}, {"model": "posts.post", "pk": 33, "fields": {"author": 1, "post_type": "NE", "pub_time": "2022-09-15T16:14:28.326Z", "title": "Новый бренд ГНСС в России или меняем Т на Т", "text": "Добрый день всем участникам форума и всему профессиональному сообществу!\r\nРады сообщить о появлении нового производителя ГНСС приемников на российском рынке – Tersus GNSS!\r\nО компании Tersus\r\nКомпания Tersus GNSS была основана в 2014 году. Является разработчиком и производителем собственных ГНСС решений и OEM плат. В линейке продуктов имеются ОЕМ ГНСС RTK и PPK платы, ГНСС приемники, оборудование и ПО для построения сетей референсных станций, инерциальные навигационные системы, решения для БПЛА, беспилотной навигации в сельском хозяйстве, собственный сервис предоставления спутниковых поправок и широкий спектр аксессуаров собственного производства.\r\nЦентры инженерных разработок расположены в Австралии, США и Китае.\r\n\r\nТоповая модель приемника Tersus Oscar Ultimate имеет компенсатор угла наклона вехи, дисплей 1.54 дюйма с возможностью настройки режимов работы, встроенный УКВ/GSM модемы, память до 16 Гб. Рабочая температура -40℃ до +70℃. На приемник предоставляется Гарантия от производителя - 2 года!\r\nПрограммное обеспечение для работы с приемниками Tersus распространяется на бесплатной основе.\r\nПолевое приложение Nuwa может быть установлено на любое устройство под OS Android.\r\nОфисное ПО - Tersus Geo Office - для обработки статических измерений также предоставляется бесплатно.\r\n\r\nБолее подробно ознакомится с ГНСС приемниками от Tersus и их техническими характеристиками Вы можете на нашем сайте: https://www.tersusgnss.ru/\r\n\r\nТакже мы приглашаем к сотрудничеству всех дилеров геодезического оборудования в России, кто в настоящее время испытывает затруднения с поиском альтернатив ушедших брендов качественного оборудования.\r\n\r\nПо всем интересующим Вас вопросам можете смело обращаться по следующим контактам:\r\nТелефон: 8 800 250-62-33 (звонки по России бесплатны)\r\nE-mail: info@tersusgnss.ru\r\nТехническая поддержка: support@tersusgnss.ru\r\nБудем рады знакомству!", "_rating": 0}}, {"model": "posts.post", "pk": 34, "fields": {"author": 1, "post_type": "NE", "pub_time": "2022-09-15T16:19:37.263Z", "title": "Вышла новая версия КРЕДО 3D СКАН 1.4", "text": "Выпущена новая версия системы КРЕДО 3D СКАН 1.4.\r\n\r\nПользователи предыдущей версии с оформленной Подпиской получают новую бесплатно.\r\nСкачать дистрибутив КРЕДО 3D СКАН 1.4 вы можете здесь.\r\n\r\nВнимание! Обновление требует перепрограммирования ключа аппаратной защиты.\r\nОбращайтесь к нашим специалистам: e-mail: market@credo-dialogue.com, тел.: +7 (499) 921-02-95.\r\n\r\nПредлагаем вам ознакомиться с полным перечнем изменений в программе!\r\n\r\nОбщие доработки\r\n\r\n    Добавлена возможность настройки горячих клавиш для команд главного меню.\r\n    Изменен функционал работы с подписями: добавлены универсальные настраиваемые по шаблону подписи объектов, линий и углов, добавлена возможность сохранения шаблонов подписей в геодезической библиотеке, добавлена возможность создания подписей в 3D.\r\n    Добавлен обработчик кодов к импортеру точек по шаблону: возможность импортировать точки с полноценной поддержкой полевого кодирования.\r\n\r\nРабота с облаками точек\r\n\r\n    Добавлена возможность установки пространственного ограничения для работы с частью облака точек.\r\n    Добавлена возможность расчета объемов между моделью рельефа и облаком точек.\r\n    Доработаны возможности экспорта облаков точек: настройка экспортируемых метаданных, экспорт системы координат.\r\n    Добавлена возможность расчета локальных плотностей для точек облака, визуализации и интерактивной фильтрации точек по плотности.\r\n    Оптимизирована загрузка точек облака с диска и передача в видеопамять.\r\n\r\nСоздание и редактирование объектов\r\n\r\n    Доработана команда Профили бордюра по ЛТО: повышена стабильность работы и точность позиционирования линий.\r\n    Существенно повышена скорость и стабильность работы команды Создать ПТО по цвету.\r\n    Доработаны сценарии работы с замкнутыми линейными объектами: разрезание, удаление узлов.\r\n    Создание ПТО по внутренней точке учитывает внутренние контуры.\r\n    Разработан новый механизм создания эквидистант: добавлена возможность интерактивного указания расстояния, создания нескольких последовательных эквидистант, работа в 3D окне.\r\n\r\nРабота с фотоизображениями\r\n\r\n    Повышена скорость импорта фотоизображений с МЛС Topcon.\r\n    Улучшено качество визуализации панорам в режиме совмещенного просмотра.\r\n\r\n3D-окно\r\n\r\n    Добавлен механизм группового выбора объектов в 3D-окне.\r\n    Добавлена возможность независимого управления освещением для каждого 3D-окна.\r\n    Доработаны сценарии создания и редактирования линейных объектов в 3D: работают все режимы привязки к объектам и полярное отслеживание.\r\n    Добавлена возможность отображения триангуляционной поверхности в 3D-окне\r\n    Добавлена возможность раскраски матриц высот по содержимому окна план\r\n\r\nРабота с 3D-моделями\r\n\r\n    Добавлена возможность импорта 3D-моделей в формате IFC, созданных в программных продуктах на платформе КРЕДО III.\r\n\r\nПресс-служба компании \"Кредо-Диалог\"", "_rating": 0}}, {"model": "posts.post", "pk": 35, "fields": {"author": 2, "post_type": "NE", "pub_time": "2022-09-16T12:02:20.373Z", "title": "На территорию всей Московской области создана единая электронная картографическая основа крупного масштаба", "text": "ФГБУ «Центр геодезии, картографии и ИПД» завершило работы по включению в состав единой электронной картографической основы (ЕЭКО) цифровых ортофотопланов на территории всех населённых пунктов Московской области. За три месяца создано более 27,5 тысяч цифровых ортофотопланов масштаба 1:2 000.\r\nИсходные материалы для создания ЕЭКО предоставлены Правительством Московской области.\r\nОзнакомиться с информацией о созданной на территорию Российской Федерации ЕЭКО возможно в разделе «Сведения единой электронной картографической основы» федерального портала пространственных данных (ФППД)\r\nДля получения картографической основы необходимо пройти регистрацию в личном кабинете ФППД и заполнить заявление, указав интересующий вид и способ предоставления данных.\r\nЕЭКО может предоставляться в виде файлов и в виде картографических веб-сервисов по протоколам TMS (и WMTS), WMS, WFS в государственных и международных системах координат.\r\nПредоставление содержащихся в ЕЭКО пространственных данных в виде интерактивной фоновой карты и/или ортофотопокрытия может служить базой для нанесения тематической пользовательской информации и применяться в различных информационных системах.", "_rating": 0}}, {"model": "posts.post", "pk": 36, "fields": {"author": 1, "post_type": "NE", "pub_time": "2022-09-16T12:53:04.751Z", "title": "Введите название", "text": "Введите содержание", "_rating": 0}}, {"model": "posts.post", "pk": 37, "fields": {"author": 1, "post_type": "NE", "pub_time": "2022-09-16T12:56:00.731Z", "title": "Введите название", "text": "Введите содержание", "_rating": 0}}, {"model": "posts.post", "pk": 38, "fields": {"author": 2, "post_type": "NE", "pub_time": "2022-09-16T12:56:06.873Z", "title": "Введите название", "text": "Введите содержание", "_rating": 0}}, {"model": "posts.post", "pk": 39, "fields": {"author": 1, "post_type": "PA", "pub_time": "2022-09-16T12:56:11.000Z", "title": "Введите название", "text": "Введите содержание", "_rating": 0}}, {"model": "posts.post", "pk": 40, "fields": {"author": 1, "post_type": "NE", "pub_time": "2022-09-16T13:04:56.042Z", "title": "Введите название", "text": "Введите содержание", "_rating": 0}}, {"model": "posts.post", "pk": 41, "fields": {"author": 1, "post_type": "NE", "pub_time": "2022-09-16T13:07:27.346Z", "title": "Введите название", "text": "Введите содержание", "_rating": 0}}, {"model": "posts.post", "pk": 42, "fields": {"author": 1, "post_type": "NE", "pub_time": "2022-09-16T13:08:32.779Z", "title": "Введите название", "text": "Введите содержание", "_rating": 0}}, {"model": "posts.post", "pk": 43, "fields": {"author": 1, "post_type": "NE", "pub_time": "2022-09-16T13:08:53.815Z", "title": "Введите название", "text": "Введите содержание", "_rating": 0}}, {"model": "posts.post", "pk": 44, "fields": {"author": 1, "post_type": "NE", "pub_time": "2022-09-16T13:11:49.963Z", "title": "Введите название", "text": "Введите содержание", "_rating": 0}}, {"model": "posts.post", "pk": 45, "fields": {"author": 1, "post_type": "NE", "pub_time": "2022-09-16T13:34:42.266Z", "title": "Введите название", "text": "Введите содержание", "_rating": 0}}, {"model": "posts.post", "pk": 46, "fields": {"author": 1, "post_type": "NE", "pub_time": "2022-09-16T13:35:26.291Z", "title": "Введите название", "text": "Введите содержание", "_rating": 0}}, {"model": "posts.post", "pk": 47, "fields": {"author": 1, "post_type": "NE", "pub_time": "2022-09-16T13:36:49.913Z", "title": "Введите название", "text": "Введите содержание", "_rating": 0}}, {"model": "posts.post", "pk": 48, "fields": {"author": 1, "post_type": "NE", "pub_time": "2022-09-16T13:38:22.941Z", "title": "Введите название", "text": "Введите содержание", "_rating": 0}}, {"model": "posts.post", "pk": 49, "fields": {"author": 2, "post_type": "NE", "pub_time": "2022-09-16T13:39:29.940Z", "title": "asdfdsf", "text": "asdfsdf", "_rating": 0}}, {"model": "posts.post", "pk": 50, "fields": {"author": 1, "post_type": "NE", "pub_time": "2022-09-16T13:41:00.882Z", "title": "Введите название", "text": "Введите содержание", "_rating": 0}}, {"model": "posts.post", "pk": 51, "fields": {"author": 1, "post_type": "NE", "pub_time": "2022-09-16T13:42:50.379Z", "title": "Введите название", "text": "Введите содержание", "_rating": 0}}, {"model": "posts.post", "pk": 52, "fields": {"author": 1, "post_type": "NE", "pub_time": "2022-09-16T13:46:54.605Z", "title": "Введите название", "text": "Введите содержание", "_rating": 0}}, {"model": "posts.post", "pk": 53, "fields": {"author": 1, "post_type": "NE", "pub_time": "2022-09-16T13:49:00.531Z", "title": "Введите название", "text": "Введите содержание", "_rating": 0}}, {"model": "posts.post", "pk": 54, "fields": {"author": 1, "post_type": "NE", "pub_time": "2022-09-16T13:49:22.713Z", "title": "Введите название", "text": "Введите содержание", "_rating": 0}}, {"model": "posts.post", "pk": 55, "fields": {"author": 1, "post_type": "NE", "pub_time": "2022-09-16T13:51:31.827Z", "title": "Введите название", "text": "Введите содержание", "_rating": 0}}, {"model": "posts.post", "pk": 56, "fields": {"author": 1, "post_type": "NE", "pub_time": "2022-09-16T13:53:14.747Z", "title": "Введите название", "text": "Введите содержание", "_rating": 0}}, {"model": "posts.post", "pk": 57, "fields": {"author": 1, "post_type": "PA", "pub_time": "2022-09-16T14:05:08.799Z", "title": "Введите название", "text": "Введите содержание", "_rating": 0}}, {"model": "posts.post", "pk": 58, "fields": {"author": 1, "post_type": "NE", "pub_time": "2022-09-16T14:08:10.983Z", "title": "123", "text": "456", "_rating": 0}}, {"model": "posts.post", "pk": 59, "fields": {"author": 1, "post_type": "NE", "pub_time": "2022-09-16T14:11:26.573Z", "title": "Введите название", "text": "Введите содержание", "_rating": 0}}, {"model": "posts.post", "pk": 60, "fields": {"author": 1, "post_type": "NE", "pub_time": "2022-09-16T14:13:18.491Z", "title": "Введите название", "text": "Введите содержание", "_rating": 0}}, {"model": "posts.post", "pk": 61, "fields": {"author": 1, "post_type": "NE", "pub_time": "2022-09-16T14:17:17.093Z", "title": "Введите название", "text": "Введите содержание", "_rating": 0}}, {"model": "posts.post", "pk": 62, "fields": {"author": 1, "post_type": "NE", "pub_time": "2022-09-16T14:23:40.275Z", "title": "Введите название", "text": "Введите содержание", "_rating": 0}}, {"model": "posts.post", "pk": 63, "fields": {"author": 1, "post_type": "NE", "pub_time": "2022-09-16T14:24:22.698Z", "title": "Введите название", "text": "Введите содержание", "_rating": 0}}, {"model": "posts.post", "pk": 64, "fields": {"author": 1, "post_type": "NE", "pub_time": "2022-09-16T14:24:41.676Z", "title": "Введите название", "text": "Введите содержание", "_rating": 0}}, {"model": "posts.post", "pk": 65, "fields": {"author": 1, "post_type": "NE", "pub_time": "2022-09-16T14:25:23.701Z", "title": "Введите название", "text": "Введите содержание", "_rating": 0}}, {"model": "posts.post", "pk": 66, "fields": {"author": 1, "post_type": "NE", "pub_time": "2022-09-16T14:27:21.930Z", "title": "Введите название", "text": "Введите содержание", "_rating": 0}}, {"model": "posts.post", "pk": 67, "fields": {"author": 1, "post_type": "NE", "pub_time": "2022-09-16T14:27:55.725Z", "title": "Введите название", "text": "Введите содержание", "_rating": 0}}, {"model": "posts.post", "pk": 68, "fields": {"author": 1, "post_type": "NE", "pub_time": "2022-09-16T14:29:18.879Z", "title": "Введите название", "text": "Введите содержание", "_rating": 0}}, {"model": "posts.post", "pk": 69, "fields": {"author": 1, "post_type": "NE", "pub_time": "2022-09-16T14:30:05.323Z", "title": "Введите название", "text": "Введите содержание", "_rating": 0}}, {"model": "posts.post", "pk": 70, "fields": {"author": 1, "post_type": "NE", "pub_time": "2022-09-16T14:30:34.081Z", "title": "Введите название", "text": "Введите содержание", "_rating": 0}}, {"model": "posts.post", "pk": 71, "fields": {"author": 1, "post_type": "NE", "pub_time": "2022-09-16T14:31:18.105Z", "title": "Введите название", "text": "Введите содержание", "_rating": 0}}, {"model": "posts.post", "pk": 72, "fields": {"author": 1, "post_type": "NE", "pub_time": "2022-09-16T14:31:53.596Z", "title": "Введите название", "text": "Введите содержание", "_rating": 0}}, {"model": "posts.post", "pk": 73, "fields": {"author": 1, "post_type": "NE", "pub_time": "2022-09-16T14:33:05.347Z", "title": "Введите название", "text": "Введите содержание", "_rating": 0}}, {"model": "posts.post", "pk": 74, "fields": {"author": 1, "post_type": "NE", "pub_time": "2022-09-16T14:34:32.618Z", "title": "Введите название", "text": "Введите содержание", "_rating": 0}}, {"model": "posts.post", "pk": 75, "fields": {"author": 1, "post_type": "NE", "pub_time": "2022-09-16T14:35:29.855Z", "title": "Введите название", "text": "Введите содержание", "_rating": 0}}, {"model": "posts.post", "pk": 76, "fields": {"author": 1, "post_type": "NE", "pub_time": "2022-09-16T14:53:12.680Z", "title": "Введите название", "text": "Введите содержание", "_rating": 0}}, {"model": "posts.post", "pk": 77, "fields": {"author": 1, "post_type": "NE", "pub_time": "2022-09-16T14:53:38.140Z", "title": "Введите название", "text": "Введите содержание", "_rating": 0}}, {"model": "posts.post", "pk": 78, "fields": {"author": 1, "post_type": "NE", "pub_time": "2022-09-16T15:45:39.495Z", "title": "Введите название", "text": "Введите содержание", "_rating": 0}}, {"model": "posts.post", "pk": 79, "fields": {"author": 1, "post_type": "NE", "pub_time": "2022-09-16T15:51:50.786Z", "title": "Введите название", "text": "Введите содержание", "_rating": 0}}, {"model": "posts.post", "pk": 80, "fields": {"author": 1, "post_type": "NE", "pub_time": "2022-09-16T15:58:33.059Z", "title": "Введите название", "text": "Введите содержание", "_rating": 0}}, {"model": "posts.post", "pk": 81, "fields": {"author": 1, "post_type": "NE", "pub_time": "2022-09-16T15:59:17.364Z", "title": "Введите название", "text": "Введите содержание", "_rating": 0}}, {"model": "posts.post", "pk": 82, "fields": {"author": 1, "post_type": "NE", "pub_time": "2022-09-16T15:59:34.072Z", "title": "Введите название", "text": "Введите содержание", "_rating": 0}}, {"model": "posts.post", "pk": 83, "fields": {"author": 1, "post_type": "NE", "pub_time": "2022-09-16T16:01:31.873Z", "title": "Введите название", "text": "Введите содержание", "_rating": 0}}, {"model": "posts.post", "pk": 84, "fields": {"author": 1, "post_type": "NE", "pub_time": "2022-09-16T16:01:58.742Z", "title": "Введите название", "text": "Введите содержание", "_rating": 0}}, {"model": "posts.post", "pk": 85, "fields": {"author": 1, "post_type": "NE", "pub_time": "2022-09-16T16:03:50.000Z", "title": "Введите название", "text": "Введите содержание", "_rating": 0}}, {"model": "posts.post", "pk": 86, "fields": {"author": 1, "post_type": "NE", "pub_time": "2022-09-16T16:07:02.148Z", "title": "Введите название", "text": "Введите содержание", "_rating": 0}}, {"model": "posts.post", "pk": 87, "fields": {"author": 1, "post_type": "NE", "pub_time": "2022-09-16T16:07:24.817Z", "title": "Введите название", "text": "Введите содержание", "_rating": 0}}, {"model": "posts.post", "pk": 88, "fields": {"author": 1, "post_type": "NE", "pub_time": "2022-09-16T16:07:53.854Z", "title": "Введите название", "text": "Введите содержание", "_rating": 0}}, {"model": "posts.post", "pk": 89, "fields": {"author": 1, "post_type": "NE", "pub_time": "2022-09-16T19:36:25.370Z", "title": "Введите название", "text": "Введите содержание", "_rating": 0}}, {"model": "posts.post", "pk": 90, "fields": {"author": 1, "post_type": "NE", "pub_time": "2022-09-16T19:38:30.638Z", "title": "Введите название", "text": "Введите содержание", "_rating": 0}}, {"model": "posts.post", "pk": 91, "fields": {"author": 1, "post_type": "NE", "pub_time": "2022-09-16T19:38:54.803Z", "title": "Введите название", "text": "Введите содержание", "_rating": 0}}, {"model": "posts.post", "pk": 92, "fields": {"author": 1, "post_type": "NE", "pub_time": "2022-09-16T19:39:11.687Z", "title": "Введите название", "text": "Введите содержание", "_rating": 0}}, {"model": "posts.post", "pk": 93, "fields": {"author": 1, "post_type": "NE", "pub_time": "2022-09-16T19:40:52.170Z", "title": "Введите название", "text": "Введите содержание", "_rating": 0}}, {"model": "posts.post", "pk": 94, "fields": {"author": 1, "post_type": "NE", "pub_time": "2022-09-16T19:41:40.695Z", "title": "Введите название", "text": "Введите содержание", "_rating": 0}}, {"model": "posts.post", "pk": 95, "fields": {"author": 1, "post_type": "NE", "pub_time": "2022-09-16T19:43:42.850Z", "title": "Введите название", "text": "Введите содержание", "_rating": 0}}, {"model": "posts.post", "pk": 96, "fields": {"author": 2, "post_type": "NE", "pub_time": "2022-09-16T19:48:15.405Z", "title": "Что-то новое", "text": "Введите содержание", "_rating": 0}}, {"model": "posts.post", "pk": 97, "fields": {"author": 1, "post_type": "NE", "pub_time": "2022-09-16T19:49:28.379Z", "title": "Введите название", "text": "Введите содержание", "_rating": 0}}, {"model": "posts.post", "pk": 98, "fields": {"author": 2, "post_type": "NE", "pub_time": "2022-09-16T19:54:03.292Z", "title": "Последний тест", "text": "Введите содержание", "_rating": 0}}, {"model": "posts.post", "pk": 99, "fields": {"author": 2, "post_type": "NE", "pub_time": "2022-09-16T19:57:59.031Z", "title": "Самый последний тест", "text": "Введите содержание", "_rating": 0}}, {"model": "posts.post", "pk": 100, "fields": {"author": 1, "post_type": "NE", "pub_time": "2022-10-05T15:41:11.170Z", "title": "Название научной новости", "text": "Содержание новости о науке. Это просто ради теста", "_rating": 0}}, {"model": "posts.post", "pk": 101, "fields": {"author": 2, "post_type": "NE", "pub_time": "2022-10-05T17:27:13.583Z", "title": "Новости спорта", "text": "Выживает сильнейший", "_rating": 0}}, {"model": "posts.post", "pk": 102, "fields": {"author": 1, "post_type": "PA", "pub_time": "2022-10-05T17:30:17.618Z", "title": "Научная статья", "text": "Статья про современные технологии", "_rating": 0}}, {"model": "posts.postcategory", "pk": 1, "fields": {"post": 1, "category": 1}}, {"model": "posts.postcategory", "pk": 2, "fields": {"post": 1, "category": 3}}, {"model": "posts.postcategory", "pk": 3, "fields": {"post": 2, "category": 3}}, {"model": "posts.postcategory", "pk": 4, "fields": {"post": 2, "category": 1}}, {"model": "posts.postcategory", "pk": 5, "fields": {"post": 3, "category": 4}}, {"model": "posts.postcategory", "pk": 24, "fields": {"post": 20, "category": 1}}, {"model": "posts.postcategory", "pk": 25, "fields": {"post": 21, "category": 1}}, {"model": "posts.postcategory", "pk": 26, "fields": {"post": 20, "category": 3}}, {"model": "posts.postcategory", "pk": 27, "fields": {"post": 22, "category": 4}}, {"model": "posts.postcategory", "pk": 32, "fields": {"post": 26, "category": 3}}, {"model": "posts.postcategory", "pk": 33, "fields": {"post": 27, "category": 1}}, {"model": "posts.postcategory", "pk": 34, "fields": {"post": 28, "category": 3}}, {"model": "posts.postcategory", "pk": 35, "fields": {"post": 29, "category": 1}}, {"model": "posts.postcategory", "pk": 36, "fields": {"post": 30, "category": 1}}, {"model": "posts.postcategory", "pk": 37, "fields": {"post": 31, "category": 1}}, {"model": "posts.postcategory", "pk": 38, "fields": {"post": 32, "category": 1}}, {"model": "posts.postcategory", "pk": 39, "fields": {"post": 33, "category": 3}}, {"model": "posts.postcategory", "pk": 40, "fields": {"post": 34, "category": 3}}, {"model": "posts.postcategory", "pk": 41, "fields": {"post": 35, "category": 3}}, {"model": "posts.postcategory", "pk": 42, "fields": {"post": 37, "category": 1}}, {"model": "posts.postcategory", "pk": 43, "fields": {"post": 38, "category": 1}}, {"model": "posts.postcategory", "pk": 44, "fields": {"post": 39, "category": 1}}, {"model": "posts.postcategory", "pk": 45, "fields": {"post": 40, "category": 2}}, {"model": "posts.postcategory", "pk": 46, "fields": {"post": 45, "category": 1}}, {"model": "posts.postcategory", "pk": 47, "fields": {"post": 46, "category": 1}}, {"model": "posts.postcategory", "pk": 48, "fields": {"post": 46, "category": 3}}, {"model": "posts.postcategory", "pk": 49, "fields": {"post": 47, "category": 1}}, {"model": "posts.postcategory", "pk": 50, "fields": {"post": 48, "category": 1}}, {"model": "posts.postcategory", "pk": 51, "fields": {"post": 49, "category": 1}}, {"model": "posts.postcategory", "pk": 52, "fields": {"post": 49, "category": 2}}, {"model": "posts.postcategory", "pk": 53, "fields": {"post": 49, "category": 3}}, {"model": "posts.postcategory", "pk": 54, "fields": {"post": 49, "category": 4}}, {"model": "posts.postcategory", "pk": 55, "fields": {"post": 50, "category": 1}}, {"model": "posts.postcategory", "pk": 56, "fields": {"post": 50, "category": 2}}, {"model": "posts.postcategory", "pk": 57, "fields": {"post": 50, "category": 3}}, {"model": "posts.postcategory", "pk": 58, "fields": {"post": 50, "category": 4}}, {"model": "posts.postcategory", "pk": 59, "fields": {"post": 51, "category": 1}}, {"model": "posts.postcategory", "pk": 60, "fields": {"post": 51, "category": 2}}, {"model": "posts.postcategory", "pk": 61, "fields": {"post": 52, "category": 1}}, {"model": "posts.postcategory", "pk": 62, "fields": {"post": 52, "category": 2}}, {"model": "posts.postcategory", "pk": 63, "fields": {"post": 52, "category": 3}}, {"model": "posts.postcategory", "pk": 64, "fields": {"post": 52, "category": 4}}, {"model": "posts.postcategory", "pk": 65, "fields": {"post": 53, "category": 1}}, {"model": "posts.postcategory", "pk": 66, "fields": {"post": 53, "category": 2}}, {"model": "posts.postcategory", "pk": 67, "fields": {"post": 53, "category": 3}}, {"model": "posts.postcategory", "pk": 68, "fields": {"post": 53, "category": 4}}, {"model": "posts.postcategory", "pk": 69, "fields": {"post": 54, "category": 1}}, {"model": "posts.postcategory", "pk": 70, "fields": {"post": 54, "category": 2}}, {"model": "posts.postcategory", "pk": 71, "fields": {"post": 54, "category": 3}}, {"model": "posts.postcategory", "pk": 72, "fields": {"post": 54, "category": 4}}, {"model": "posts.postcategory", "pk": 73, "fields": {"post": 55, "category": 1}}, {"model": "posts.postcategory", "pk": 74, "fields": {"post": 55, "category": 2}}, {"model": "posts.postcategory", "pk": 75, "fields": {"post": 55, "category": 3}}, {"model": "posts.postcategory", "pk": 76, "fields": {"post": 55, "category": 4}}, {"model": "posts.postcategory", "pk": 77, "fields": {"post": 56, "category": 1}}, {"model": "posts.postcategory", "pk": 78, "fields": {"post": 56, "category": 2}}, {"model": "posts.postcategory", "pk": 79, "fields": {"post": 56, "category": 3}}, {"model": "posts.postcategory", "pk": 80, "fields": {"post": 56, "category": 4}}, {"model": "posts.postcategory", "pk": 81, "fields": {"post": 57, "category": 1}}, {"model": "posts.postcategory", "pk": 82, "fields": {"post": 57, "category": 2}}, {"model": "posts.postcategory", "pk": 83, "fields": {"post": 57, "category": 3}}, {"model": "posts.postcategory", "pk": 84, "fields": {"post": 57, "category": 4}}, {"model": "posts.postcategory", "pk": 85, "fields": {"post": 58, "category": 1}}, {"model": "posts.postcategory", "pk": 86, "fields": {"post": 58, "category": 2}}, {"model": "posts.postcategory", "pk": 87, "fields": {"post": 58, "category": 3}}, {"model": "posts.postcategory", "pk": 88, "fields": {"post": 58, "category": 4}}, {"model": "posts.postcategory", "pk": 89, "fields": {"post": 59, "category": 1}}, {"model": "posts.postcategory", "pk": 90, "fields": {"post": 60, "category": 1}}, {"model": "posts.postcategory", "pk": 91, "fields": {"post": 61, "category": 1}}, {"model": "posts.postcategory", "pk": 92, "fields": {"post": 62, "category": 1}}, {"model": "posts.postcategory", "pk": 93, "fields": {"post": 63, "category": 1}}, {"model": "posts.postcategory", "pk": 94, "fields": {"post": 64, "category": 1}}, {"model": "posts.postcategory", "pk": 95, "fields": {"post": 65, "category": 1}}, {"model": "posts.postcategory", "pk": 96, "fields": {"post": 65, "category": 2}}, {"model": "posts.postcategory", "pk": 97, "fields": {"post": 65, "category": 3}}, {"model": "posts.postcategory", "pk": 98, "fields": {"post": 65, "category": 4}}, {"model": "posts.postcategory", "pk": 99, "fields": {"post": 69, "category": 1}}, {"model": "posts.postcategory", "pk": 100, "fields": {"post": 73, "category": 1}}, {"model": "posts.postcategory", "pk": 101, "fields": {"post": 73, "category": 2}}, {"model": "posts.postcategory", "pk": 102, "fields": {"post": 73, "category": 3}}, {"model": "posts.postcategory", "pk": 103, "fields": {"post": 73, "category": 4}}, {"model": "posts.postcategory", "pk": 104, "fields": {"post": 74, "category": 1}}, {"model": "posts.postcategory", "pk": 105, "fields": {"post": 74, "category": 2}}, {"model": "posts.postcategory", "pk": 106, "fields": {"post": 74, "category": 3}}, {"model": "posts.postcategory", "pk": 107, "fields": {"post": 74, "category": 4}}, {"model": "posts.postcategory", "pk": 108, "fields": {"post": 75, "category": 1}}, {"model": "posts.postcategory", "pk": 109, "fields": {"post": 75, "category": 2}}, {"model": "posts.postcategory", "pk": 110, "fields": {"post": 75, "category": 3}}, {"model": "posts.postcategory", "pk": 111, "fields": {"post": 75, "category": 4}}, {"model": "posts.postcategory", "pk": 112, "fields": {"post": 78, "category": 1}}, {"model": "posts.postcategory", "pk": 113, "fields": {"post": 78, "category": 2}}, {"model": "posts.postcategory", "pk": 114, "fields": {"post": 78, "category": 3}}, {"model": "posts.postcategory", "pk": 115, "fields": {"post": 78, "category": 4}}, {"model": "posts.postcategory", "pk": 116, "fields": {"post": 82, "category": 1}}, {"model": "posts.postcategory", "pk": 117, "fields": {"post": 83, "category": 1}}, {"model": "posts.postcategory", "pk": 118, "fields": {"post": 84, "category": 1}}, {"model": "posts.postcategory", "pk": 119, "fields": {"post": 87, "category": 2}}, {"model": "posts.postcategory", "pk": 120, "fields": {"post": 88, "category": 1}}, {"model": "posts.postcategory", "pk": 121, "fields": {"post": 93, "category": 1}}, {"model": "posts.postcategory", "pk": 122, "fields": {"post": 94, "category": 1}}, {"model": "posts.postcategory", "pk": 123, "fields": {"post": 95, "category": 1}}, {"model": "posts.postcategory", "pk": 124, "fields": {"post": 96, "category": 1}}, {"model": "posts.postcategory", "pk": 125, "fields": {"post": 97, "category": 2}}, {"model": "posts.postcategory", "pk": 126, "fields": {"post": 97, "category": 3}}, {"model": "posts.postcategory", "pk": 127, "fields": {"post": 98, "category": 1}}, {"model": "posts.postcategory", "pk": 128, "fields": {"post": 99, "category": 3}}, {"model": "posts.postcategory", "pk": 129, "fields": {"post": 100, "category": 1}}, {"model": "posts.postcategory", "pk": 130, "fields": {"post": 101, "category": 4}}, {"model": "posts.postcategory", "pk": 131, "fields": {"post": 102, "category": 1}}, {"model": "posts.postcategory", "pk": 132, "fields": {"post": 102, "category": 3}}, {"model": "posts.comment", "pk": 1, "fields": {"post": 1, "user": 1, "text": "Интересная статья о свехрпроводящих гравиметрах. Жаль, что из-за санкций, в нашей стране такие появятся совсем не скоро", "pub_time": "2022-08-25T15:49:33.908Z", "_rating": 1}}, {"model": "posts.comment", "pk": 2, "fields": {"post": 2, "user": 1, "text": "За квантовыми гравиметрами будущее высокоточной наземной гравиметрии. Но в России такие приборы делать не умеют, и закупить у иностранных производителей мы в ближайшее десятилетие не сможем из-за санкций", "pub_time": "2022-08-25T15:49:39.891Z", "_rating": 1}}, {"model": "posts.comment", "pk": 3, "fields": {"post": 3, "user": 1, "text": "Спортом не интересуюсь, но кажется новость уже давно неактуальна", "pub_time": "2022-08-25T15:49:43.823Z", "_rating": 1}}, {"model": "posts.comment", "pk": 4, "fields": {"post": 1, "user": 2, "text": "Ничего не понятно, но очень интересно. Надо бы ещё выучить английский язык..", "pub_time": "2022-08-25T15:49:47.390Z", "_rating": 1}}, {"model": "account.emailaddress", "pk": 4, "fields": {"user": 7, "email": "kopernik@example.com", "verified": false, "primary": true}}, {"model": "account.emailaddress", "pk": 14, "fields": {"user": 17, "email": "roman.ags@gmail.com", "verified": true, "primary": true}}, {"model": "socialaccount.socialapp", "pk": 1, "fields": {"provider": "google", "name": "Google", "client_id": "929752625558-hol7n5cb7sn525dnk9nvdo6kte3aftos.apps.googleusercontent.com", "secret": "929752625558-hol7n5cb7sn525dnk9nvdo6kte3aftos.apps.googleusercontent.com", "key": "", "sites": [1]}}]